School Name,City,State,Region,Zip,Latitude,Longitude,Acceptance Rate,Undergrads,Tuition (In-State) ,Average Cost of Attendence,School Type,Starting Median Salary,Mid-Career Median Salary,Mid-Career 10th Percentile Salary,Mid-Career 25th Percentile Salary,Mid-Career 75th Percentile Salary,Mid-Career 90th Percentile SalaryAuburn University,Auburn,Alabama,Southern,36849,32.599378,-85.488258,0.8054,22095,10696,29794,State,45400,84700,45400,62700,109000,145000University of Alabama at Birmingham (UAB),Birmingham,Alabama,Southern,35294-0110,33.505697,-86.799345,0.5814,12047,8040,22684,State,39200,70100,43000,53400,91400,125000University of Alabama at Huntsville (UAH),Huntsville,Alabama,Southern,35899,34.724557,-86.640449,0.7628,6346,9842,22059,State,43100,82700,46100,67800,106000,132000"University of Alabama, Tuscaloosa",Tuscaloosa,Alabama,Southern,35487-0166,33.211875,-87.545978,0.5259,31663,10470,28422,State,41300,81400,40100,56500,117000,161000"University of Alaska, Anchorage",Anchorage,Alaska,Western,99508,61.190163,-149.82619,0.8285,11833,5784,18379,State,45900,72600,39800,56600,99300,137000Arizona State University (ASU),Tempe,Arizona,Western,85287,33.417721,-111.934383,0.825,42224,10370,23931,State,47400,84100,44600,60700,114000,163000University of Arizona,Tucson,Arizona,Western,85721-0066,32.232672,-110.950815,0.7862,33402,11769,24633,State,47500,86100,44800,61700,117000,160000Arkansas State University (ASU),Jonesboro,Arkansas,Southern,72401,35.842388,-90.679988,0.704,9128,8200,20872,State,38700,63300,33600,45300,83900,118000University of Arkansas,Fayetteville,Arkansas,Southern,72701,36.070009,-94.176981,0.632,22254,8820,21817,State,44100,82800,43200,60700,113000,160000University of Arkansas - Monticello (UAM),Monticello,Arkansas,Southern,71656,33.590909,-91.811153,NULL,2633,7210,16881,State,39200,74500,N/A,46100,110000,161000Cal Poly San Luis Obispo,San Luis Obispo,California,California,93407,35.299513,-120.657311,0.2949,20367,9075,25300,State,57200,101000,55000,74700,133000,178000California Institute of Technology (CIT),Pasadena,California,California,91125,34.137349,-118.125878,0.0807,979,47577,63471,Engineering,75500,123000,N/A,104000,161000,N/A"California State University (CSU), Chico",Chico,California,California,95929-0150,39.729712,-121.844859,0.6525,16305,7040,22417,State,47400,88100,46800,62800,122000,154000"California State University (CSU), Stanislaus",Turlock,California,California,95382-0299,37.52577,-120.852511,0.7434,8610,6728,16588,State,38000,71400,N/A,50500,94100,121000"California State University, Dominguez Hills (CSUDH)",Carson,California,California,90747-0005,33.864766,-118.255917,0.4791,12666,6423,13027,State,42700,72100,30800,47000,92200,132000"California State University, East Bay (CSUEB)",Hayward,California,California,94542,37.65707,-122.058073,0.6975,13361,6564,20303,State,49200,84300,46000,62400,115000,155000"California State University, Fullerton (CSUF)",Fullerton,California,California,92831-3599,33.881506,-117.885446,0.4823,34416,6560,17049,State,45700,87000,45400,62500,119000,158000"California State University, Long Beach (CSULB)",Long Beach,California,California,90840-0115,33.782818,-118.11204,0.3189,32170,6460,18192,State,45100,84700,47400,62500,113000,154000"California State University, Northridge (CSUN)",Northridge,California,California,91330,34.240126,-118.529319,0.4824,35605,6587,16591,State,45500,80400,44500,57800,108000,153000"California State University, Sacramento (CSUS)",Sacramento,California,California,95819-2694,38.559415,-121.423549,0.7194,27884,6900,18535,State,47800,82400,42900,59600,111000,154000Harvey Mudd College,Claremont,California,California,91711,34.106515,-117.709837,0.1287,829,52666,69355,Engineering,71800,122000,N/A,96000,180000,N/AHumboldt State University,Arcata,California,California,95521-8299,40.877481,-124.078293,0.7709,7956,7209,23139,State,42600,71300,36000,56300,94400,117000Occidental College,Los Angeles,California,California,90041-3392,34.126224,-118.210783,0.4581,1957,51070,67046,Liberal Arts,51900,105000,N/A,54800,157000,N/APomona College,Claremont,California,California,91711-6319,34.098298,-117.711944,0.0944,1547,49352,64870,Liberal Arts,48600,101000,N/A,63300,161000,N/ASan Diego State University (SDSU),San Diego,California,California,92182,32.77525,-117.071228,0.3464,29398,7084,22056,State,46200,85200,45500,61800,116000,158000San Francisco State University (SFSU),San Francisco,California,California,94132,37.721345,-122.477905,0.682,24882,6484,22396,State,47300,86400,45100,62700,114000,150000San Jose State University (SJSU),San Jose,California,California,95192-0001,37.336569,-121.880621,0.5344,26253,7418,22780,State,53500,95600,50700,70500,122000,156000Stanford University,Stanford,California,California,94305,37.429434,-122.167359,0.0481,7032,47940,64477,,70400,129000,68400,93100,184000,257000Thomas Aquinas College,Santa Paula,California,California,93060,34.429009,-119.087141,0.7461,386,24500,35724,Liberal Arts,41500,67500,N/A,44600,93100,N/AUniversity of California at Los Angeles (UCLA),Los Angeles,California,California,90095-1405,34.068892,-118.443901,0.1799,30859,12920,33078,State,52600,101000,51300,72500,139000,193000"University of California, Berkeley",Berkeley,California,California,94720,37.871918,-122.260463,0.1693,29309,13509,34924,State,59900,112000,59500,81000,149000,201000"University of California, Davis",Davis,California,California,95616-8678,38.539667,-121.749567,0.4228,29358,14046,33904,State,52300,99600,52000,71600,135000,202000"University of California, Irvine (UCI)",Irvine,California,California,92697,33.648434,-117.841248,0.4065,27317,13360,31198,State,48300,96700,47800,66000,123000,172000"University of California, Riverside (UCR)",Riverside,California,California,92521,33.97246,-117.32741,0.6634,19788,13581,31494,State,46800,81300,37200,59900,109000,134000"University of California, San Diego (UCSD)",La Jolla,California,California,92093,32.876598,-117.237793,0.3566,28121,13645,31043,State,51100,101000,51700,75400,131000,177000"University of California, Santa Barbara (UCSB)",Santa Barbara,California,California,93106,34.416297,-119.846426,0.3577,21570,14073,34998,State,50500,95000,51300,71200,129000,173000"University of California, Santa Cruz (UCSC)",Santa Cruz,California,California,95064-1011,36.995584,-122.058801,0.5785,16962,13539,34608,State,44700,84100,46100,62000,121000,165000University of Southern California (USC),Los Angeles,California,California,90089,34.021281,-118.284169,0.1662,18557,52283,67064,,54800,99600,49700,73800,140000,201000Colorado College (CC),Colorado Springs,Colorado,Western,80903,38.84886,-104.822697,0.1599,2084,50892,63600,Liberal Arts,38500,81400,N/A,43000,148000,N/AColorado School of Mines,Golden,Colorado,Western,80401,39.751443,-105.223364,0.4035,4564,17842,31226,Engineering,58100,106000,62200,87900,142000,201000Colorado State University (CSU),Fort Collins,Colorado,Western,80523-0100,40.574805,-105.080732,0.7796,23497,11052,24885,State,44800,79000,43800,57100,112000,150000Fort Lewis College,Durango,Colorado,Western,81301-3999,37.275939,-107.867422,0.9212,3443,8104,24298,Liberal Arts,42000,69800,N/A,55000,94000,N/ARegis University,Denver,Colorado,Western,80221-1099,39.788175,-105.030756,0.5659,4016,34450,45305,,48300,73800,41000,55500,94800,117000University of Colorado - Boulder (UCB),Boulder,Colorado,Western,80309-0017,40.008781,-105.270823,0.7662,27376,11531,31393,State,47100,97600,51600,69000,128000,187000University of Colorado - Denver,Denver,Colorado,Western,80217-3364,39.745149,-104.837722,0.6052,11228,9228,20306,State,46100,84400,46400,58600,105000,144000Quinnipiac University,Hamden,Connecticut,Northeastern,6518,41.418915,-72.894117,0.7644,7042,43940,58713,,43000,76500,47900,57400,117000,155000Sacred Heart University,Fairfield,Connecticut,Northeastern,06825-1000,41.220893,-73.243332,0.5721,5325,38300,54037,,46000,75300,39700,54800,105000,150000University of Connecticut (UConn),Storrs,Connecticut,Northeastern,6269,41.809098,-72.249948,0.488,19030,14066,29128,State,48000,88800,46100,66400,120000,162000University of New Haven,West Haven,Connecticut,Northeastern,06516-1916,41.291314,-72.961472,0.8053,4850,37060,51801,,44400,82900,48500,66100,113000,157000"Wesleyan University (Middletown, Connecticut)",Middletown,Connecticut,Northeastern,6459,41.554665,-72.657146,0.1785,2913,50912,65443,Liberal Arts,46500,97900,42000,62500,126000,215000Yale University,New Haven,Connecticut,Northeastern,6520,41.311158,-72.926688,0.0632,5471,49480,66445,Ivy League,59100,126000,58000,80600,198000,326000University of Delaware,Newark,Delaware,Southern,19716,39.679577,-75.752822,0.695,18510,12830,24557,State,45900,84500,44500,64000,119000,165000Embry-Riddle Aeronautical University (ERAU),Daytona Beach,Florida,Southern,32114-3900,29.189903,-81.048367,0.7072,5407,33886,49338,Engineering,52700,80700,49800,64000,106000,142000Florida Atlantic University (FAU),Boca Raton,Florida,Southern,33431-0991,26.372421,-80.102978,0.5978,24221,4831,18992,State,42600,71100,40700,53000,99500,137000Florida International University (FIU),Miami,Florida,Southern,33199,25.75732,-80.373928,0.5007,41112,6556,18873,State,43200,75500,40500,55800,98200,136000Florida Metropolitan University (FMU),#N/A,Florida,Southern,#N/A,#N/A,#N/A,#N/A,#N/A,#N/A,#N/A,,36600,51000,32800,36800,70400,102000Florida State University (FSU),Tallahassee,Florida,Southern,32306-1037,30.440756,-84.291921,0.5801,32417,6507,21938,State,42100,73000,39600,52800,107000,156000Jacksonville University,Jacksonville,Florida,Southern,32211-3394,30.353227,-81.60458,0.4918,2841,33930,50441,,46700,66200,36700,47200,88500,121000Saint Leo University,Saint Leo,Florida,Southern,33574-6665,28.336776,-82.257801,0.6974,10618,21440,35092,,40900,57800,34400,41800,80600,113000University of Central Florida (UCF),Orlando,Florida,Southern,32816,28.602159,-81.200889,0.4999,55113,6368,21168,State,42600,71700,39500,51500,98400,125000University of Florida (UF),Gainesville,Florida,Southern,32611,29.64629,-82.347911,0.4594,33309,6381,20571,State,47100,87900,45400,62900,120000,172000University of South Florida (USF),Tampa,Florida,Southern,33620-9951,28.061458,-82.413232,0.4663,30553,6410,19652,State,41100,71100,39600,51500,98100,131000Emory University,Atlanta,Georgia,Southern,30322,33.790183,-84.325512,0.2529,6717,47954,63058,,52000,91600,52500,63300,128000,192000Georgia Institute of Technology,Atlanta,Georgia,Southern,30332-0530,33.77242,-84.394832,0.2577,14766,12212,25616,Engineering,58300,106000,67200,85200,137000,183000Georgia State University,Atlanta,Georgia,Southern,30303-3083,33.7527,-84.38667,0.5884,24478,8974,24223,State,41800,74000,43000,55300,99900,145000University of Georgia (UGA),Athens,Georgia,Southern,30602,33.956262,-83.374039,0.539,27851,11634,24991,State,44100,86000,43100,57800,118000,164000University of Hawaii,Honolulu,Hawaii,Western,96822-2217,21.298598,-157.818979,0.8498,12767,11732,22153,State,43800,76000,40400,56300,104000,128000Boise State University (BSU),Boise,Idaho,Western,83725,43.604284,-116.203301,0.8173,16045,7080,18298,State,40800,69500,37400,48700,87500,110000Idaho State University,Pocatello,Idaho,Western,83209,42.863832,-112.432312,NULL,8307,6956,19526,State,44900,73400,35400,49600,101000,143000University of Idaho,Moscow,Idaho,Western,83844-2282,46.727406,-117.014167,0.7589,7735,7232,20045,State,44900,82000,43000,56700,104000,142000Bradley University,Peoria,Illinois,Midwestern,61625-0001,40.696896,-89.616786,0.6981,4464,32120,44130,,47000,87300,45900,64900,113000,151000DePaul University,Chicago,Illinois,Midwestern,60604,41.877618,-87.62724,0.6975,15151,37626,50997,,46400,84800,50300,63900,115000,160000Illinois Institute of Technology (IIT),Chicago,Illinois,Midwestern,60616,41.8313,-87.627321,0.571,2859,45214,57277,Engineering,56000,97800,56100,77400,121000,165000Illinois State University,Normal,Illinois,Midwestern,61790-1000,40.509403,-88.990058,0.8888,18571,14061,27421,State,42000,73400,39100,55200,105000,142000Northern Illinois University (NIU),Dekalb,Illinois,Midwestern,60115-2828,41.933869,-88.766428,0.5184,14036,14204,28725,State,43600,80800,43900,60200,111000,161000Northwestern University,Evanston,Illinois,Midwestern,60208,42.050356,-87.679858,0.1066,8563,50855,67887,,52700,95900,51900,69100,144000,205000Robert Morris College (RMC),Chicago,Illinois,Midwestern,60605,41.876278,-87.627068,0.2313,2345,25800,35116,,38500,68200,37300,47100,95000,128000Southern Illinois University Carbondale,Carbondale,Illinois,Midwestern,62901-4512,37.714193,-89.217273,0.7665,12056,13481,26868,State,43000,72500,38300,51300,99300,139000University Of Chicago,Chicago,Illinois,Midwestern,60637,41.787994,-87.599539,0.0794,5978,53649,70100,,53400,113000,62200,83300,174000,255000University of Illinois at Chicago,Chicago,Illinois,Midwestern,60607,41.871837,-87.650503,0.7359,17804,13664,25131,State,47500,81700,44700,58800,110000,146000University of Illinois at Urbana-Champaign (UIUC),Champaign,Illinois,Midwestern,61820-5711,40.104718,-88.229114,0.6007,32752,15058,29764,State,52900,96100,48200,68900,132000,177000Ball State University (BSU),Muncie,Indiana,Midwestern,47306,40.203431,-85.409043,0.6225,16260,9654,23157,State,39100,64500,35500,48200,89300,128000DePauw University,Greencastle,Indiana,Midwestern,46135-1772,39.640904,-86.860363,0.6533,2186,46448,58478,Liberal Arts,41400,88200,49500,57400,133000,185000"Indiana University (IU), Bloomington",Bloomington,Indiana,Midwestern,47405-7000,39.16609,-86.526559,0.7872,32924,10388,24432,State,46300,84000,43600,60400,119000,178000Indiana Wesleyan University (IWU),Marion,Indiana,Midwestern,46953-4974,40.517937,-85.667503,0.7388,2679,25346,36050,,39800,58500,39600,47800,78600,93400Purdue University,West Lafayette,Indiana,Midwestern,47907-2040,40.428206,-86.914435,0.5597,30849,10002,22698,State,51400,90500,49900,67400,121000,168000University of Notre Dame,Notre Dame,Indiana,Midwestern,46556,41.703058,-86.238959,0.1873,8496,49685,64775,,56300,116000,66400,85100,163000,235000Grinnell College,Grinnell,Iowa,Midwestern,50112-1690,41.747952,-92.722094,0.2019,1657,48758,61098,Liberal Arts,42600,76600,N/A,65100,116000,N/AIowa State University,Ames,Iowa,Midwestern,50011-2103,42.026212,-93.648504,0.8749,30224,8219,19182,State,45400,84600,44400,60000,109000,147000University of Iowa (UI),Iowa City,Iowa,Midwestern,52242-1316,41.661935,-91.536425,0.8411,22990,8575,21010,State,44700,83900,43300,61100,116000,163000Kansas State University (KSU),Manhattan,Kansas,Midwestern,66506,39.188648,-96.581077,0.9407,19151,9874,21989,State,43300,79000,37200,54100,106000,138000University of Kansas,Lawrence,Kansas,Midwestern,66045,38.958549,-95.247567,0.9301,18845,11455,23687,State,42400,81600,44800,57200,115000,156000Morehead State University,Morehead,Kentucky,Southern,40351,38.186768,-83.434021,0.8556,6647,8496,19454,State,34800,60600,34300,46500,72000,91300University of Kentucky (UK),Lexington,Kentucky,Southern,40506-0032,38.038911,-84.504747,0.9079,22244,11484,26143,State,42800,78300,43000,57300,107000,149000Louisiana State University (LSU),Baton Rouge,Louisiana,Southern,70803-2750,30.414986,-91.178921,0.7639,24365,10814,24441,State,46900,87800,43700,61300,120000,165000Tulane University,New Orleans,Louisiana,Southern,70118-5698,29.940069,-90.122144,0.255,7924,51010,64926,,49100,95800,46500,64400,134000,185000University of Louisiana (UL) at Lafayette,Lafayette,Louisiana,Southern,70503,30.212191,-92.020165,0.511,15030,9450,18910,State,41100,76300,42000,54500,107000,163000Bates College,Lewiston,Maine,Northeastern,4240,44.105299,-70.203333,0.2265,1780,50310,64590,Liberal Arts,47300,96500,N/A,60700,162000,N/ABowdoin College,Brunswick,Maine,Northeastern,4011,43.907134,-69.963942,0.1484,1799,49900,63440,Liberal Arts,48100,107000,N/A,74600,146000,N/AColby College,Waterville,Maine,Northeastern,04901-8840,44.564211,-69.66337,0.1871,1879,50960,63330,Liberal Arts,46400,85800,N/A,63500,129000,N/AUniversity Of Maine,Orono,Maine,Northeastern,4469,44.899257,-68.669332,0.8975,8757,10628,22904,State,41200,72100,41700,55600,99300,141000University of Southern Maine,Portland,Maine,Northeastern,4103,43.662863,-70.274247,0.8025,5233,7796,21508,State,39400,63600,40400,47900,85700,117000University of Maryland Baltimore County (UMBC),Baltimore,Maryland,Southern,21250,39.256686,-76.711607,0.5683,11025,11264,23818,State,47000,77800,46900,59100,105000,130000"University of Maryland, College Park",College Park,Maryland,Southern,20742,38.988178,-76.944721,0.4806,27864,10181,24041,State,52000,95000,50400,68300,126000,166000Amherst College,Amherst,Massachussetts,Northeastern,01002-5000,42.372459,-72.518493,0.1369,1846,52476,66572,Liberal Arts,54500,107000,N/A,84900,162000,N/ABoston College,Chestnut Hill,Massachussetts,Northeastern,2467,42.336213,-71.169242,0.3114,9593,51296,65595,,52700,103000,48900,70000,143000,195000Boston University,Boston,Massachussetts,Northeastern,2215,42.351118,-71.107942,0.2943,16512,50240,65809,,49000,93900,48000,64900,130000,193000College of the Holy Cross,Worcester,Massachussetts,Northeastern,01610-2395,42.238942,-71.808627,0.3846,2689,48940,61446,Liberal Arts,50200,106000,N/A,65600,143000,N/AFitchburg State College,Fitchburg,Massachussetts,Northeastern,01420-2697,42.589345,-71.789354,0.7465,4073,10135,19645,State,42400,72600,43300,56100,99600,151000Harvard University,Cambridge,Massachussetts,Northeastern,2138,42.374471,-71.118313,0.054,7447,47074,64400,Ivy League,63400,124000,54800,86200,179000,288000Massachusetts Institute of Technology (MIT),Cambridge,Massachussetts,Northeastern,02139-4307,42.360095,-71.092115,0.0794,4489,48452,63250,Engineering,72200,126000,76800,99200,168000,220000Mount Holyoke College,South Hadley,Massachussetts,Northeastern,01075-1489,42.256838,-72.575511,0.5219,2179,45866,58604,Liberal Arts,42400,94200,N/A,57100,131000,N/ANortheastern University,Boston,Massachussetts,Northeastern,02115-5005,42.339992,-71.088782,0.2888,13345,47653,62789,,50500,86400,47100,62700,117000,159000Smith College,Northampton,Massachussetts,Northeastern,1063,42.318111,-72.638097,0.3723,2504,47904,64483,Liberal Arts,44000,83900,45100,59800,129000,184000Suffolk University,Boston,Massachussetts,Northeastern,02108-2770,42.358944,-71.061788,0.8442,5107,35578,48936,,42100,74000,48700,57800,95100,145000University of Massachusetts (UMass) - Amherst,Amherst,Massachussetts,Northeastern,1003,42.385999,-72.526728,0.5968,22958,14971,28000,State,46600,88200,43100,61300,122000,168000University of Massachusetts (UMass) - Boston,Boston,Massachussetts,Northeastern,02125-3393,42.312881,-71.036865,0.6852,12210,13435,21884,State,45600,78200,36300,53800,109000,151000University of Massachusetts (UMass) - Dartmouth,North Dartmouth,Massachussetts,Northeastern,02747-2300,41.62869,-71.004552,0.7602,6758,13188,25410,State,43200,77700,43300,56200,107000,132000University of Massachusetts (UMass) - Lowell,Lowell,Massachussetts,Northeastern,01854-5104,42.652864,-71.326809,0.6057,12909,14307,26318,State,45400,86600,50900,65000,113000,158000Wellesley College,Wellesley,Massachussetts,Northeastern,02481-8203,42.291554,-71.306605,0.2859,2350,48802,63340,Liberal Arts,42800,83500,N/A,58600,125000,N/AWentworth Institute of Technology,Boston,Massachussetts,Northeastern,2115,42.336632,-71.094983,0.7058,4274,33724,49642,Engineering,53000,96700,55200,74000,117000,153000Williams College,Williamstown,Massachussetts,Northeastern,1267,42.712725,-73.203132,0.1761,2044,51790,66240,Liberal Arts,51700,102000,N/A,76400,143000,N/AWorcester Polytechnic Institute (WPI),Worcester,Massachussetts,Northeastern,01609-2280,42.274853,-71.808339,0.4844,4320,46994,60878,Engineering,61000,114000,80000,91200,137000,180000Davenport University,Grand Rapids,Michigan,Midwestern,49512-9396,42.850013,-85.533519,0.7836,5398,16726,27175,,39700,46600,31600,38100,65600,85700Eastern Michigan University,Ypsilanti,Michigan,Midwestern,48197,42.24694,-83.622501,0.7288,17025,11209,21828,State,40300,72100,37900,52800,95400,135000Michigan State University (MSU),East Lansing,Michigan,Midwestern,48824-1046,42.73212,-84.476111,0.6574,38851,14062,25809,State,46300,85300,44200,61500,119000,170000University of Michigan,Ann Arbor,Michigan,Midwestern,48109,42.275921,-83.742769,0.2859,28761,14402,27725,State,52700,93000,50900,69400,128000,182000Wayne State University,Detroit,Michigan,Midwestern,48202,42.358994,-83.068998,0.8146,16671,12269,22276,State,42800,76100,40100,56200,101000,139000Western Michigan University (WMU),Kalamazoo,Michigan,Midwestern,49008-5200,42.282194,-85.613759,0.8231,17984,11493,23598,State,42300,73800,40100,52500,103000,135000Carleton College,Northfield,Minnesota,Midwestern,55057-4001,44.462318,-93.154666,0.2262,2045,50874,64420,Liberal Arts,47500,103000,N/A,69400,141000,N/AGustavus Adolphus College,Saint Peter,Minnesota,Midwestern,56082-1498,44.323626,-93.972196,0.648,2248,42840,52768,Liberal Arts,44500,80600,N/A,49300,101000,N/AMinnesota State University - Mankato,Mankato,Minnesota,Midwestern,56001,44.146712,-93.99945,0.6249,12154,7858,18844,State,43300,74700,39500,53800,95700,140000St. Cloud State University,Saint Cloud,Minnesota,Midwestern,56301-4498,45.553227,-94.152657,0.8509,10283,7910,18750,State,41800,71400,38700,49400,101000,126000St. Olaf College,Northfield,Minnesota,Midwestern,55057-1098,44.461529,-93.182039,0.4476,2991,44180,54630,Liberal Arts,45300,86200,41300,61000,120000,185000University of Minnesota,Minneapolis,Minnesota,Midwestern,55455-0213,44.972851,-93.235464,0.4441,30974,14142,25370,State,46200,84200,49000,63200,112000,148000Mississippi College,Clinton,Mississippi,Southern,39058,32.335515,-90.329821,0.4947,2943,16740,29759,,35400,60400,N/A,43900,80400,N/AMississippi State University (MSU),Mississippi State,Mississippi,Southern,39762,33.454852,-88.790139,0.5567,17371,7780,22818,State,44500,79300,43300,58800,108000,151000University of Mississippi,University,Mississippi,Southern,38677-1848,34.365529,-89.537434,0.783,18975,7744,23372,State,41400,79700,40400,53500,108000,186000Missouri State University (MSU),Springfield,Missouri,Midwestern,65897,37.199258,-93.281281,0.8438,17277,7060,20296,State,36100,69500,33300,46900,102000,134000Park University,Parkville,Missouri,Midwestern,64152-3795,39.189256,-94.679041,0.8456,9356,12130,22013,,44300,64300,37200,45600,86400,113000University of Missouri - Columbia,Columbia,Missouri,Midwestern,65211-1050,38.94531,-92.328843,0.747,25544,9518,23962,State,41700,81000,43500,57100,111000,156000University of Missouri - Kansas City (UMKC),Kansas City,Missouri,Midwestern,64110,39.034179,-94.582141,0.6187,7904,7846,21575,State,38900,65800,36300,48100,95800,124000University of Missouri - Rolla (UMR),#N/A,Missouri,Midwestern,#N/A,#N/A,#N/A,#N/A,#N/A,#N/A,#N/A,State,57100,95800,67600,80400,122000,166000University of Missouri - St. Louis (UMSL),Saint Louis,Missouri,Midwestern,63121-4400,38.710312,-90.311091,0.7062,7736,9394,22105,State,41400,67100,36800,49600,97600,144000Montana State University - Billings,Billings,Montana,Western,59101-0298,45.796896,-108.523009,NULL,3536,5826,16142,State,37900,50600,N/A,31800,78500,98900Montana State University - Bozeman,Bozeman,Montana,Western,59717,45.666726,-111.048812,0.8287,14149,6887,19441,State,46600,77500,40200,58100,111000,151000University of Montana,Missoula,Montana,Western,59812,46.859312,-113.982912,0.9243,9356,6238,17883,State,37300,71900,37000,51500,96400,138000University of Nebraska,Lincoln,Nebraska,Midwestern,68588,40.817598,-96.700508,0.7527,20833,8537,22535,State,45700,80900,42200,56600,113000,156000University of Nebraska at Omaha,Omaha,Nebraska,Midwestern,68182-0225,41.258769,-96.008516,0.8648,12333,7204,17712,State,41500,72600,39500,54400,97400,126000"University of Nevada, Las Vegas (UNLV)",Las Vegas,Nevada,Western,89154,36.106047,-115.138462,0.8278,24197,7183,17131,State,45200,71600,39000,52400,100000,128000"University of Nevada, Reno (UNR)",Reno,Nevada,Western,89557,39.543642,-119.815377,0.8281,17786,7142,20702,State,46500,82900,41900,54600,113000,143000Dartmouth College,Hanover,New Hampshire,Northeastern,03755-3529,43.704115,-72.289949,0.1059,4230,51438,67044,Ivy League,58000,134000,63100,90200,234000,321000University of New Hampshire (UNH),Durham,New Hampshire,Northeastern,03824-3547,43.135934,-70.932465,0.7586,12653,17624,31168,State,41800,78300,41700,56400,114000,147000Fairleigh Dickinson University,Teaneck,New Jersey,Northeastern,7666,40.897209,-74.028986,0.7683,3450,37988,46389,,45700,78700,40200,56300,112000,171000Princeton University,Princeton,New Jersey,Northeastern,08544-0070,40.348732,-74.659365,0.0652,5236,45320,61860,Ivy League,66500,131000,68900,100000,190000,261000Rider University,Lawrenceville,New Jersey,Northeastern,08648-3099,40.278796,-74.737833,0.7151,3974,39820,53848,,43600,88900,47100,63100,127000,150000Rutgers University,New Brunswick,New Jersey,Northeastern,08901-1281,40.498769,-74.446251,0.5694,35782,14372,29388,State,50300,91800,48100,65100,128000,176000Seton Hall University,South Orange,New Jersey,Northeastern,07079-2697,40.742336,-74.246027,0.669,5710,39258,51395,,48900,89200,55700,70600,133000,195000Stevens Institute of Technology,Hoboken,New Jersey,Northeastern,07030-5991,40.744776,-74.025334,0.3911,3109,48838,62100,Engineering,60600,105000,68700,81900,138000,185000New Mexico Institute of Mining and Technology (New Mexico Tech),Socorro,New Mexico,Western,87801,34.067041,-106.905211,0.2345,1460,6891,19956,Engineering,51000,93400,N/A,67400,123000,N/ANew Mexico State University,Las Cruces,New Mexico,Western,88003-8001,32.281568,-106.752069,0.5961,11421,6094,17053,State,44300,79500,37400,53800,102000,131000University of New Mexico (UNM),Albuquerque,New Mexico,Western,87106,35.083868,-106.620155,0.5778,19646,7340,17443,State,41600,81600,41800,59100,105000,141000Adelphi University,Garden City,New York,Northeastern,11530-0701,40.721439,-73.653321,0.7029,5141,35740,47647,,40600,79200,44200,54800,114000,160000Binghamton University,Vestal,New York,Northeastern,13850-6000,42.087868,-75.966889,0.4062,13578,9271,24093,State,53600,95900,50900,71200,146000,201000Colgate University,Hamilton,New York,Northeastern,13346-1398,42.819475,-75.536346,0.2878,2868,51955,64800,Liberal Arts,52800,108000,60000,76700,167000,265000Columbia University,New York,New York,Northeastern,10027,40.808286,-73.961885,0.0683,8124,55056,69021,Ivy League,59400,107000,50300,71900,161000,241000Cooper Union,New York,New York,Northeastern,10003-7120,40.728148,-73.991609,NULL,857,43850,59325,Engineering,62200,114000,N/A,80200,142000,N/ACornell University,Ithaca,New York,Northeastern,14853,42.4472,-76.483084,0.1409,14471,50953,65464,Ivy League,60300,110000,56800,79800,160000,210000Dowling College,#N/A,New York,Northeastern,#N/A,#N/A,#N/A,#N/A,#N/A,#N/A,#N/A,,41100,82800,46500,60600,117000,142000Fashion Institute of Technology,New York,New York,Northeastern,10001-5992,40.74731,-73.994781,0.4041,8168,5335,17310,,42800,81000,38800,60500,106000,138000Fordham University,Bronx,New York,Northeastern,10458,40.859354,-73.882705,0.4522,9096,49073,63109,,47800,99900,48600,65900,142000,198000Hamilton College,Clinton,New York,Northeastern,13323,43.050245,-75.408195,0.2608,1867,51240,63870,Liberal Arts,49200,83700,N/A,51900,123000,N/AHofstra University,Hempstead,New York,Northeastern,11549,40.715959,-73.60078,0.6222,6810,42160,55322,,46800,92700,48900,67000,135000,189000Ithaca College,Ithaca,New York,Northeastern,14850-7002,42.422154,-76.494136,0.6992,6181,41776,58703,,42700,87400,50200,62400,128000,174000Long Island University,Brooklyn,New York,Northeastern,11201-8423,40.690677,-73.981129,0.875,4139,36256,45269,,47300,93200,46300,62100,122000,169000Mercy College,Dobbs Ferry,New York,Northeastern,10522,41.021626,-73.874447,0.7768,6286,18392,28848,,43700,62600,35600,47300,99000,134000New York University (NYU),New York,New York,Northeastern,10012-1091,40.729452,-73.997264,0.3187,25716,49062,67637,,50300,95600,47500,65000,142000,216000Niagara University,Niagara University,New York,Northeastern,14109,43.137279,-79.036689,0.8288,3045,30950,42261,,36900,69700,44000,57000,92000,128000Pace University,New York,New York,Northeastern,10038-1598,40.711014,-74.004719,0.8368,8384,42772,58188,,53200,89700,44200,65400,129000,187000"Polytechnic University of New York, Brooklyn",#N/A,New York,Northeastern,#N/A,#N/A,#N/A,#N/A,#N/A,#N/A,#N/A,Engineering,62400,114000,66800,94300,143000,190000Pratt Institute,Brooklyn,New York,Northeastern,11205,40.691297,-73.96431,0.5765,3445,48154,62845,,43800,89900,48600,65400,123000,155000Rensselaer Polytechnic Institute (RPI),Troy,New York,Northeastern,12180-3590,42.729978,-73.676646,0.4435,6200,50797,66172,Engineering,61100,110000,71600,85500,140000,182000Rochester Institute of Technology (RIT),Rochester,New York,Northeastern,14623-5603,43.084188,-77.67386,0.5493,12638,38568,50713,Engineering,48900,84600,45000,62100,112000,159000Siena College,Loudonville,New York,Northeastern,12211-1462,42.717602,-73.7526,0.7261,3144,34611,50481,Liberal Arts,45500,85200,38700,58400,129000,189000Skidmore College,Saratoga Springs,New York,Northeastern,12866,43.097035,-73.785335,0.2908,2661,50834,64850,Liberal Arts,41600,74600,N/A,42800,147000,N/A"St. John's University, New York",Queens,New York,Northeastern,11439,40.722523,-73.796104,0.6336,11757,39460,51345,,48000,93400,48000,65400,124000,181000State University of New York (SUNY) at Albany,Albany,New York,Northeastern,12222,42.685489,-73.824662,0.5439,12955,9223,23777,State,44500,92200,47000,63100,135000,209000State University of New York (SUNY) at Buffalo,Buffalo,New York,Northeastern,14222,42.933832,-78.882125,0.6407,8360,7701,20172,State,46200,81700,45900,61400,110000,147000Stony Brook University,Stony Brook,New York,Northeastern,11794,40.91476,-73.12046,0.4067,16863,8999,22988,State,49500,93000,47200,67100,129000,181000Syracuse University,Syracuse,New York,Northeastern,13244,43.040176,-76.136975,0.5232,14777,45022,61070,,45700,85900,46400,59400,119000,178000Union College,Barbourville,New York,Northeastern,40906-1499,36.870875,-83.888477,0.6749,912,25135,35838,Liberal Arts,47200,95800,48700,75200,135000,230000Vassar College,Poughkeepsie,New York,Northeastern,12604,41.686895,-73.895088,0.2688,2400,53090,65480,Liberal Arts,46000,94600,N/A,60600,123000,N/AAppalachian State University,Boone,North Carolina,Southern,28608,36.215536,-81.680583,0.6832,16434,7136,18397,State,40400,69100,37200,50400,90800,115000Davidson College,Davidson,North Carolina,Southern,28035,35.499767,-80.843979,0.2011,1791,48376,62894,Liberal Arts,46100,104000,N/A,70500,146000,N/ADuke University,Durham,North Carolina,Southern,27708,36.001135,-78.937624,0.1083,6467,51265,67005,,58900,106000,56000,77400,149000,218000East Carolina University (ECU),Greenville,North Carolina,Southern,27858-4353,35.607186,-77.368291,0.7034,22386,6997,20567,State,40200,67500,38400,52000,98700,151000University of North Carolina at Chapel Hill (UNCH),Chapel Hill,North Carolina,Southern,27599,35.911769,-79.050969,0.2694,18169,8834,24327,State,42900,81500,43400,57500,117000,155000University of North Carolina at Charlotte (UNCC),Charlotte,North Carolina,Southern,28223-0001,35.306022,-80.730919,0.6203,23246,6763,19723,State,43100,74000,38200,53200,99500,133000University of North Carolina at Wilmington (UNCW),Wilmington,North Carolina,Southern,28403-5963,34.225223,-77.875527,0.7175,13608,6951,21642,State,37500,64400,32100,46600,97100,129000Western Carolina University,Cullowhee,North Carolina,Southern,28723-9646,35.308979,-83.186258,0.4069,9002,6737,19921,State,36900,66600,39000,49500,94400,133000North Carolina State University (NCSU),Raleigh,North Carolina ,Southern,27695-7001,35.785111,-78.674517,0.4751,22390,8880,22226,State,47200,83300,49200,64800,112000,153000North Dakota State University (NDSU),Fargo,North Dakota,Midwestern,58108-6050,46.893127,-96.800838,0.928,11683,8327,19602,State,45100,77800,39000,55800,100000,123000University of North Dakota,Grand Forks,North Dakota,Midwestern,58202-8193,47.921654,-97.071738,0.8369,10598,8136,19290,State,44000,80600,43400,56400,111000,157000Bowling Green State University,Bowling Green,Ohio,Midwestern,43403,41.375513,-83.640896,0.7605,13901,11057,23423,State,39800,72100,38200,51800,101000,146000Case Western Reserve University,Cleveland,Ohio,Midwestern,44106,41.507419,-81.609596,0.3544,5048,46006,61371,,56200,96500,54900,76500,123000,168000Cleveland State University,Cleveland,Ohio,Midwestern,44115-2214,41.502281,-81.674355,0.8745,11752,9768,22462,State,43500,73100,39500,51600,97000,137000Denison University,Granville,Ohio,Midwestern,43023,40.071505,-82.523272,0.4361,2261,48960,60604,Liberal Arts,42000,83500,N/A,62100,122000,N/AKent State University,Kent,Ohio,Midwestern,44242-0001,41.146653,-81.342533,0.8536,22907,10012,24231,State,38700,62600,36100,45800,87000,124000Oberlin College,Oberlin,Ohio,Midwestern,44074,41.291992,-82.216795,0.2803,2895,52002,66870,Liberal Arts,43400,81600,N/A,46400,128000,N/AOhio State University (OSU),Columbus,Ohio,Midwestern,43210,39.999324,-83.014853,0.5411,44762,10037,25173,State,44900,83700,45500,60700,116000,162000Ohio University,Athens,Ohio,Midwestern,45701-2979,39.326798,-82.100985,0.7485,23344,11744,27183,State,42200,73400,36600,52800,106000,150000University of Akron,Akron,Ohio,Midwestern,44325-4702,41.078551,-81.511679,0.9592,15630,10270,23039,State,41100,70300,40600,53300,95200,127000University of Toledo,Toledo,Ohio,Midwestern,43606-3390,41.660572,-83.614714,0.9432,15145,9547,23464,State,43100,75900,40100,54100,100000,133000Wittenberg University,Springfield,Ohio,Midwestern,45504,39.934029,-83.815445,0.7832,1894,38090,49930,Liberal Arts,39200,78200,N/A,54100,131000,N/AOklahoma City University,Oklahoma City,Oklahoma,Southern,73106-1402,35.495271,-97.541242,0.7215,1777,30726,43811,,40000,64300,N/A,45400,80600,N/AOklahoma State University,Stillwater,Oklahoma,Southern,74078-1015,36.123085,-97.069743,0.7452,20827,8321,22059,State,42800,80700,40100,56500,114000,151000University of Oklahoma,Norman,Oklahoma,Southern,73019-3072,35.209407,-97.444211,0.7084,21082,10881,25085,State,44700,82900,41200,60300,114000,167000University of Tulsa,Tulsa,Oklahoma,Southern,74104-3189,36.152324,-95.945941,0.3696,3361,41509,53667,,42400,88700,42300,60300,120000,197000Lewis & Clark College,Portland,Oregon,Western,97219-7899,45.450882,-122.669137,0.5495,2033,46894,59318,Liberal Arts,38900,72600,38200,53400,104000,140000Oregon State University (OSU),Corvallis,Oregon,Western,97331,44.56395,-123.274723,0.7748,24350,10366,26189,State,45100,83300,46900,64000,113000,146000Portland State University (PSU),Portland,Oregon,Western,97201,45.511601,-122.686289,0.8942,19057,8337,21532,State,42600,70900,40700,52300,94400,123000Reed College,Portland,Oregon,Western,97202-8199,45.480959,-122.630348,0.3131,1376,52150,64386,Liberal Arts,40500,81100,N/A,67400,101000,N/AUniversity of Oregon,Eugene,Oregon,Western,97403,44.045146,-123.075792,0.7787,19775,10761,24209,State,42200,78400,38100,56200,117000,186000Bucknell University,Lewisburg,Pennsylvania,Northeastern,17837,40.954317,-76.882616,0.2992,3531,51960,65350,Liberal Arts,54100,110000,62800,80600,156000,251000Carnegie Mellon University (CMU),Pittsburgh,Pennsylvania,Northeastern,15213-3890,40.44357,-79.941993,0.2171,6188,52310,65877,Engineering,61800,111000,63300,80100,150000,209000Drexel University,Philadelphia,Pennsylvania,Northeastern,19104,39.955217,-75.190051,0.7465,15350,51030,67821,,53400,93500,54900,72500,122000,161000Duquesne University,Pittsburgh,Pennsylvania,Northeastern,15282,40.43589,-79.993123,0.7394,6019,35062,48219,,40700,84400,42600,59500,107000,131000Franklin and Marshall College,Lancaster,Pennsylvania,Northeastern,17604-3003,40.048045,-76.319037,0.3637,2230,52290,65604,Liberal Arts,49100,92800,N/A,55800,185000,N/AGettysburg College,Gettysburg,Pennsylvania,Northeastern,17325,39.836597,-77.236792,0.4263,2385,50860,62370,Liberal Arts,44700,85800,N/A,66300,132000,N/AJuniata College,Huntingdon,Pennsylvania,Northeastern,16652-2196,40.500523,-78.017292,0.746,1454,42170,53280,Liberal Arts,41800,78900,N/A,67200,110000,N/ALa Salle University (Philadelphia),Philadelphia,Pennsylvania,Northeastern,19141-1199,40.037979,-75.153061,0.7684,3542,41100,53044,,43400,84700,45300,57500,106000,151000Lafayette College,Easton,Pennsylvania,Northeastern,18042-1768,40.69956,-75.209786,0.2829,2518,49635,63680,Liberal Arts,53900,107000,70600,79300,144000,204000Lehigh University,Bethlehem,Pennsylvania,Northeastern,18015,40.606822,-75.380236,0.2611,5061,48320,60391,,59200,105000,69500,85000,160000,229000Moravian College,Bethlehem,Pennsylvania,Northeastern,18018-6650,40.630947,-75.383638,0.7982,1908,40287,52257,Liberal Arts,42500,74400,N/A,56700,94900,N/APenn State - Harrisburg,Middletown,Pennsylvania,Northeastern,17057-4846,40.203766,-76.7423,0.8452,4109,14828,28621,State,45700,74000,44000,53100,104000,150000Pennsylvania State University (PSU),University Park,Pennsylvania,Northeastern,16802-1503,40.7965,-77.862848,0.564,40891,17900,34777,State,49900,85700,46300,62000,117000,160000Philadelphia University,Philadelphia,Pennsylvania,Northeastern,19144-5497,40.022882,-75.192645,0.6068,2675,37950,53128,,45100,80300,45800,61900,108000,141000Pittsburg State University,Pittsburg,Pennsylvania,Midwestern,66762,37.392071,-94.702473,0.8734,5536,6910,17292,State,40400,58200,25600,46000,84600,117000Swarthmore College,Swarthmore,Pennsylvania,Northeastern,19081,39.905159,-75.354278,0.128,1540,49104,64363,Liberal Arts,49700,104000,N/A,67200,167000,N/AUniversity of Pennsylvania,Philadelphia,Pennsylvania,Northeastern,19104-6303,39.950929,-75.19391,0.0944,10698,51464,66800,Ivy League,60900,120000,55900,79200,192000,282000Ursinus College,Collegeville,Pennsylvania,Northeastern,19426-1000,40.193023,-75.456505,0.8242,1540,49370,62734,Liberal Arts,42100,80000,35600,54300,100000,160000Villanova University,Villanova,Pennsylvania,Northeastern,19085-1699,40.039388,-75.345457,0.435,6862,49280,62583,,55800,101000,56800,76200,156000,226000Widener University,Chester,Pennsylvania,Northeastern,19013-5792,39.861689,-75.355363,0.6973,3331,42870,55342,,52900,83400,42600,61400,106000,138000Brown University,Providence,Rhode Island,Northeastern,2912,41.82617,-71.40385,0.0931,6580,51366,65380,Ivy League,56200,109000,55400,74400,159000,228000Providence College,Providence,Rhode Island,Northeastern,02918-0001,41.842742,-71.437446,0.5503,3944,46970,60139,,48000,88600,42800,62900,138000,194000Roger Williams University,Bristol,Rhode Island,Northeastern,02809-2921,41.650214,-71.260374,0.7926,4627,32100,49344,,42000,72300,39800,48500,102000,138000University of Rhode Island (URI),Kingston,Rhode Island,Northeastern,2881,41.484691,-71.527356,0.7276,13788,12884,27552,State,43900,85300,45400,60100,112000,157000Clemson University,Clemson,South Carolina,Southern,29634,34.679381,-82.835114,0.5054,18395,14708,27722,State,48400,86000,50500,61800,111000,150000University of South Carolina,Columbia,South Carolina,Southern,29208,33.996788,-81.026935,0.6814,24970,11454,26362,State,40000,71700,36300,49900,98400,131000Black Hills State University,Spearfish,South Dakota,Midwestern,57799-9500,44.494889,-103.870966,0.7976,2770,8004,19029,State,35300,43900,N/A,32200,60900,87600South Dakota School of Mines & Technology,Rapid City,South Dakota,Midwestern,57701-3995,44.075439,-103.205753,0.845,2353,11160,23570,Engineering,55800,93400,71500,81900,122000,147000South Dakota State University (SDSU),Brookings,South Dakota,Midwestern,57007-1898,44.317485,-96.782139,0.9076,9767,8172,25761,State,41100,73500,34100,49900,99400,129000Austin Peay State University,Clarksville,Tennessee,Southern,37044,36.533319,-87.354081,0.8886,9116,7689,20429,State,37700,59200,32200,40500,73900,96200"Lee University (Cleveland, TN)",Cleveland,Tennessee,Southern,37311,35.166166,-84.870018,0.8722,4261,15770,28577,,34500,53900,N/A,44500,76800,N/ATennessee Technological University,Cookeville,Tennessee,Southern,38505-0001,36.174659,-85.503957,0.6721,9184,8203,23109,Engineering,46200,80000,42100,62600,99500,121000Tusculum College,Greeneville,Tennessee,Southern,37743,36.172558,-82.761716,0.744,1585,23125,35365,,36900,55500,36200,43000,87300,124000University of Memphis (U of M),Memphis,Tennessee,Southern,38152,35.118878,-89.938068,0.5668,15962,9125,21761,State,41400,69700,36100,49100,93500,127000University of Tennessee,Knoxville,Tennessee,Southern,37996,35.952082,-83.925852,0.7722,21984,12724,29626,State,43800,74600,41900,53200,106000,153000Vanderbilt University,Nashville,Tennessee,Southern,37240,36.14659,-86.803369,0.1075,6844,45610,63532,,51200,104000,49900,68100,147000,222000Baylor University,Waco,Texas,Southern,76798,31.54896,-97.117641,0.3972,14309,42006,56701,,48300,88600,46300,60700,130000,200000Dallas Baptist University,Dallas,Texas,Southern,75211-9299,32.710017,-96.947006,0.4311,3109,26180,36371,,39400,60200,38500,50300,81800,98100Lamar University,Beaumont,Texas,Southern,77705,30.042738,-94.072244,0.7618,9065,8146,19321,State,46500,79400,38700,51600,114000,158000LeTourneau University,Longview,Texas,Southern,75602,32.467658,-94.72726,0.4419,1823,28480,41236,,49500,73800,41200,52700,95200,126000Rice University,Houston,Texas,Southern,77005-1827,29.717897,-95.402035,0.1527,3879,43918,58253,,64000,110000,55900,82100,141000,216000Tarleton State University (TSU),Stephenville,Texas,Southern,76401-0000,32.214988,-98.214866,0.5039,11461,7140,18362,State,40800,62400,32100,47400,80400,126000Texas A&M University,College Station,Texas,Southern,77843-1248,30.618726,-96.336475,0.6717,50416,11036,24682,State,49700,96100,51100,71300,131000,171000Texas Christian University (TCU),Fort Worth,Texas,Southern,76129,32.709568,-97.361537,0.3758,8852,42670,58040,,45100,78100,42600,56600,122000,183000University of Houston (UH),Houston,Texas,Southern,77204-2018,29.720393,-95.343537,0.5854,34560,9519,23858,State,46000,79900,42000,56200,106000,141000University of Texas (UT) - Austin,Austin,Texas,Southern,78712,30.282825,-97.738273,0.4037,39676,10092,26098,State,49700,93900,50100,67400,129000,188000University of Texas at Arlington (UTA),Arlington,Texas,Southern,76013,32.729718,-97.11296,0.6982,32545,9616,22395,State,45400,80800,46400,61200,106000,138000University of Texas at El Paso (UTEP),El Paso,Texas,Southern,79968-0691,31.771697,-106.50356,0.9999,20376,7548,15306,State,43400,72100,37700,50400,99500,133000University of Texas at San Antonio (UTSA),San Antonio,Texas,Southern,78249-1644,29.582418,-98.621386,0.7641,24036,7700,19488,State,42500,70700,39100,49800,92700,121000Brigham Young University (BYU),Provo,Utah,Western,84602,40.250851,-111.649281,0.5118,30979,5300,17395,,49400,88600,50600,68500,119000,164000Southern Utah University,Cedar City,Utah,Western,84720,37.674617,-113.070146,0.7228,6353,6530,19029,State,41900,56500,N/A,39700,78400,116000University of Utah,Salt Lake City,Utah,Western,84112-9008,40.762484,-111.846044,0.7642,22748,8518,18444,State,45400,83200,43000,58400,116000,148000Utah State University,Logan,Utah,Western,84322-1400,41.740748,-111.81391,0.9025,21833,7426,18093,State,43800,78700,41600,55400,101000,132000Utah Valley State College,Orem,Utah,Western,84058-5999,40.281078,-111.716456,NULL,26571,5530,13056,State,42400,67100,N/A,44100,84900,110000Middlebury College,Middlebury,Vermont,Northeastern,5753,44.009117,-73.176068,0.1614,2513,50063,63456,Liberal Arts,47700,94200,N/A,69100,129000,N/AUniversity of Vermont (UVM),Burlington,Vermont,Northeastern,05405-0160,44.477325,-73.196646,0.6894,10267,17300,30573,State,44800,82700,44700,58000,122000,194000George Mason University,Fairfax,Virginia,Southern,22030-4444,38.829976,-77.307428,0.8099,23179,11300,24347,State,47800,86900,51300,67200,114000,150000Randolph-Macon College,Ashland,Virginia,Southern,23005-5505,37.76043,-77.478416,0.614,1429,38730,50444,Liberal Arts,42600,83600,N/A,54100,123000,N/AUniversity of Richmond,University of Richmond,Virginia,Southern,23173,37.577393,-77.538806,0.3248,3229,49420,61337,Liberal Arts,48600,94600,44500,59400,151000,211000University of Virginia (UVA),Charlottesville,Virginia,Southern,22903-2628,38.035665,-78.503428,0.2986,15963,16412,29572,State,52700,103000,52200,71800,146000,215000Virginia Commonwealth University (VCU),Richmond,Virginia,Southern,23284-2512,37.547631,-77.453597,0.8115,22614,13130,29278,State,42000,68400,37400,51900,100000,123000Virginia Polytechnic Institute and State University (Virginia Tech),Blacksburg,Virginia,Southern,24061-0131,37.229012,-80.423675,0.7087,25725,12852,24855,Engineering,53500,95400,50600,71400,124000,163000Virginia Wesleyan College (VWC),Virginia Beach,Virginia,Southern,23455,36.868417,-76.18606,0.8996,1342,35610,46730,,34600,54900,N/A,37100,88900,N/AWashington and Lee University,Lexington,Virginia,Southern,24450-2116,37.788939,-79.443018,0.2358,1820,48267,62350,Liberal Arts,53600,104000,N/A,82800,146000,N/AEastern Washington University,Cheney,Washington,Western,99004-2496,47.490667,-117.583808,0.9548,10546,6951,20638,State,38600,70900,36000,50500,93100,117000Evergreen State College,Olympia,Washington,Western,98505-0001,47.07382,-122.977492,0.9748,3732,7414,21953,Liberal Arts,39500,63900,38800,47200,91600,120000Gonzaga University,Spokane,Washington,Western,99258-0001,47.666531,-117.400625,0.6729,5091,39730,53040,,44900,76000,47000,57400,103000,138000Seattle University,Seattle,Washington,Western,98122-4340,47.608859,-122.318851,0.7363,4648,41265,56391,,48300,82800,50600,62400,110000,150000University of Puget Sound,Tacoma,Washington,Western,98416,47.26308,-122.478982,0.789,2506,46552,59721,Liberal Arts,46600,81500,48900,60100,104000,137000University of Washington (UW),Seattle,Washington,Western,98195-4550,47.65538,-122.30514,0.4535,29831,10753,25520,State,48800,85300,47000,59800,115000,149000Washington State University (WSU),Pullman,Washington,Western,99164-5910,46.730448,-117.158168,0.7204,24362,11041,26441,State,45300,84700,43600,59000,113000,162000Western Washington University,Bellingham,Washington,Western,98225-9008,48.737812,-122.485734,0.8312,14483,7903,22959,State,42700,75400,41300,56700,99200,119000Whitman College,Walla Walla,Washington,Western,99362,46.069815,-118.331546,0.5108,1464,47862,59902,Liberal Arts,43500,80100,N/A,64800,111000,N/A"American University, Washington D.C.",#N/A,District of Columbia,Southern,#N/A,#N/A,#N/A,#N/A,#N/A,#N/A,#N/A,,45300,90800,45200,62400,134000,169000George Washington University (GWU),Washington,District of Columbia,Southern,20052,38.89923,-77.048363,0.4021,11244,51950,65218,,47000,97900,48400,69600,132000,194000Georgetown University,Washington,District of Columbia,Southern,20057-0001,38.908809,-77.073463,0.1685,7112,50547,66971,,55000,110000,60300,85800,174000,248000Howard University,Washington,District of Columbia,Southern,20059-0001,38.922392,-77.018966,0.3,5830,24908,43116,,46900,81800,43300,60000,109000,138000West Virginia University (WVU),Morgantown,West Virginia,Southern,26506,39.634371,-79.954391,0.7612,21428,7992,19512,State,43100,78100,39700,55700,106000,141000Marquette University,Milwaukee,Wisconsin,Midwestern,53233,43.03903,-87.927961,0.8434,8053,38470,51316,,48500,88400,49500,67400,121000,184000University of Wisconsin (UW) - Eau Claire,Eau Claire,Wisconsin,Midwestern,54701,44.798284,-91.501906,0.78,9936,8812,19334,State,41400,64800,35000,47300,93100,125000University of Wisconsin (UW) - Green Bay,Green Bay,Wisconsin,Midwestern,54311-7001,44.532298,-87.919973,0.7313,5509,7878,17979,State,35800,60600,35500,46800,81800,102000University of Wisconsin (UW) - La Crosse,La Crosse,Wisconsin,Midwestern,54601-9959,43.81568,-91.23186,0.7424,9517,9091,17778,State,42200,69300,37500,47200,93100,133000University of Wisconsin (UW) - Madison,Madison,Wisconsin,Midwestern,53706-1380,43.075409,-89.404098,0.5262,29536,10488,24594,State,48900,87800,47400,62400,118000,170000University of Wisconsin (UW) - Milwaukee,Milwaukee,Wisconsin,Midwestern,53211,43.076848,-87.880488,0.7329,20018,9493,21771,State,42300,74600,40600,54000,93700,123000University of Wisconsin (UW) - Oshkosh,Oshkosh,Wisconsin,Midwestern,54901,44.026206,-88.549369,0.6502,9551,7544,18143,State,39300,66400,37700,49700,90100,138000University of Wisconsin (UW) - Parkside,Kenosha,Wisconsin,Midwestern,53144,42.647718,-87.855231,0.6246,4145,7367,15793,State,40700,71400,40900,53100,84900,119000University of Wisconsin (UW) - Platteville,Platteville,Wisconsin,Midwestern,53818-3099,42.733451,-90.48622,0.8033,7745,7484,18316,State,45800,78500,48400,61200,100000,139000University of Wisconsin (UW) - Stevens Point,Stevens Point,Wisconsin,Midwestern,54481-3897,44.529582,-89.570934,0.8142,8193,8159,17203,State,39800,64000,38400,45100,95400,128000University of Wisconsin (UW) - Stout,Menomonie,Wisconsin,Midwestern,54751,44.873187,-91.926653,0.884,8202,9395,19002,State,43600,68300,40900,50600,91600,136000University of Wisconsin (UW) - Whitewater,Whitewater,Wisconsin,Midwestern,53190-1790,42.835563,-88.742368,0.6935,10826,7650,18091,State,40800,75500,38200,53500,99300,150000University of Wyoming (UW),Laramie,Wyoming,Western,82071,41.311773,-105.57931,0.9508,9622,5055,19169,State,44500,78700,41500,54000,105000,145000State University of New York (SUNY) at Farmingdale,Farmingdale,New York,Northeastern,11735-1021,40.754224,-73.42832,0.5802,8591,7860,15256,State,47300,84200,50200,59800,110000,162000State University of New York (SUNY) at Fredonia,Fredonia,New York,Northeastern,14063-1136,42.452236,-79.337375,0.6235,4352,8089,22935,State,37800,66200,32800,44200,93300,181000State University of New York (SUNY) at Geneseo,Geneseo,New York,Northeastern,14454-1465,42.796645,-77.821894,0.6685,5480,8176,23393,State,42300,81300,39300,47600,117000,173000State University of New York (SUNY) at Oneonta,Oneonta,New York,Northeastern,13820-4015,42.468861,-75.063632,0.5284,5708,7932,22769,State,37500,76700,40000,54300,97700,155000State University of New York (SUNY) at Oswego,Oswego,New York,Northeastern,13126,43.454287,-76.540798,0.5452,7113,7961,22822,State,38000,77800,40400,53000,115000,169000State University of New York (SUNY) at Plattsburgh,Plattsburgh,New York,Northeastern,12901-2681,44.69293,-73.466536,0.5103,5146,7866,22718,State,40800,76200,38400,54100,105000,136000State University of New York (SUNY) at Potsdam,Potsdam,New York,Northeastern,13676-2294,44.662148,-74.973815,0.7178,3406,7964,22502,State,38000,70300,35100,51200,100000,179000